payment_id,order_id,amount,payment_date,payment_method,payment_status
PM0,Ord1,13246.230000000001,2024-01-01 11:25:00,Cash,Completed
PM1,Ord2,14388.01,2024-01-05 15:55:00,Cash,Completed
PM2,Ord3,26879.489999999998,2024-01-08 16:18:00,Wallet,Completed
PM3,Ord4,26214.12,2024-01-07 11:13:00,Cash,Completed
PM4,Ord5,5619.5,2024-01-06 18:42:00,Credit Card,Completed
PM5,Ord6,2074.7200000000003,2024-01-11 09:00:00,Credit Card,Completed
PM6,Ord7,18723.769999999997,2024-01-12 10:59:00,Cash,Completed
PM7,Ord8,36421.47,2024-01-09 11:31:00,Debit Card,Completed
PM8,Ord9,24410.91,2024-01-11 14:45:00,Debit Card,Completed
PM9,Ord10,21632.92,2024-01-07 16:45:00,Credit Card,Completed
PM10,Ord11,5570.25,2024-01-11 17:41:00,Debit Card,Completed
PM11,Ord12,20419.68,2024-01-08 11:48:00,Debit Card,Completed
PM12,Ord13,37863.97,2024-01-10 13:11:00,Credit Card,Completed
PM13,Ord14,17316.58,2024-01-10 17:01:00,Credit Card,Completed
PM14,Ord15,24573.36,2024-01-14 13:10:00,Credit Card,Completed
PM15,Ord16,6318.719999999999,2024-01-11 13:31:00,Debit Card,Completed
PM16,Ord17,46457.899999999994,2024-01-10 14:47:00,Credit Card,Completed
PM17,Ord18,14293.43,2024-01-10 16:32:00,Wallet,Completed
PM18,Ord19,23106.089999999997,2024-01-09 17:20:00,Wallet,Completed
PM19,Ord20,5647.4400000000005,2024-01-13 11:51:00,Cash,Completed
PM20,Ord21,12617.41,2024-01-10 13:45:00,Wallet,Completed
PM21,Ord22,24846.95,2024-01-16 15:59:00,Debit Card,Refunded
PM22,Ord23,27701.92,2024-01-10 18:14:00,Credit Card,Completed
PM23,Ord24,20089.53,2024-01-11 11:15:00,Debit Card,Completed
PM24,Ord25,18755.63,2024-01-14 15:52:00,Credit Card,Completed
PM25,Ord26,6872.780000000001,2024-01-15 16:26:00,Cash,Completed
PM26,Ord27,34364.11,2024-01-11 18:05:00,Cash,Refunded
PM27,Ord28,8854.77,2024-01-12 09:37:00,Debit Card,Completed
PM28,Ord29,33912.25,2024-01-12 10:34:00,Wallet,Completed
PM29,Ord30,13012.95,2024-01-13 15:25:00,Cash,Completed
PM30,Ord31,9283.75,2024-01-14 16:05:00,Cash,Completed
PM31,Ord32,23739.63,2024-01-13 18:15:00,Debit Card,Completed
PM32,Ord33,19943.12,2024-01-14 10:24:00,Credit Card,Completed
PM33,Ord34,25217.46,2024-01-13 10:58:00,Cash,Completed
PM34,Ord35,6875.43,2024-01-13 13:29:00,Debit Card,Completed
PM35,Ord36,3721.3,2024-01-15 17:02:00,Debit Card,Completed
PM36,Ord37,33060.24,2024-01-16 16:03:00,Credit Card,Refunded
PM37,Ord38,8234.15,2024-01-20 13:34:00,Cash,Completed
PM38,Ord39,5067.1,2024-01-18 13:25:00,Wallet,Completed
PM39,Ord40,4698.62,2024-01-16 17:51:00,Wallet,Completed
PM40,Ord41,17081.34,2024-01-19 17:59:00,Wallet,Completed
PM41,Ord42,24388.3,2024-01-20 10:30:00,Cash,Completed
PM42,Ord43,8190.57,2024-01-19 11:18:00,Credit Card,Completed
PM43,Ord44,18341.75,2024-01-22 13:18:00,Wallet,Completed
PM44,Ord45,15741.98,2024-01-23 15:17:00,Credit Card,Completed
PM45,Ord46,8631.1,2024-01-25 14:23:00,Credit Card,Completed
PM46,Ord47,30247.43,2024-01-23 15:23:00,Credit Card,Completed
PM47,Ord48,30275.21,2024-01-23 16:17:00,Wallet,Completed
PM48,Ord49,2673.42,2024-01-25 10:12:00,Credit Card,Completed
PM49,Ord50,13744.83,2024-01-22 12:24:00,Debit Card,Completed
PM50,Ord51,11266.44,2024-01-21 13:43:00,Cash,Completed
PM51,Ord52,13471.800000000001,2024-01-26 17:22:00,Debit Card,Completed
PM52,Ord53,7074.0,2024-01-24 09:06:00,Wallet,Completed
PM53,Ord54,12926.43,2024-01-23 14:39:00,Debit Card,Completed
PM54,Ord55,14048.75,2024-01-20 16:49:00,Debit Card,Completed
PM55,Ord56,15991.32,2024-01-25 17:10:00,Credit Card,Completed
PM56,Ord57,12855.55,2024-01-21 17:36:00,Cash,Refunded
PM57,Ord58,30427.85,2024-01-27 09:12:00,Wallet,Completed
PM58,Ord59,5636.280000000001,2024-01-21 11:19:00,Credit Card,Completed
PM59,Ord60,20296.760000000002,2024-01-26 15:39:00,Cash,Completed
PM60,Ord61,27365.940000000002,2024-01-28 11:56:00,Wallet,Completed
PM61,Ord62,4034.14,2024-01-28 15:47:00,Wallet,Completed
PM62,Ord63,21266.16,2024-01-23 18:51:00,Wallet,Completed
PM63,Ord64,13199.550000000001,2024-01-28 15:29:00,Cash,Completed
PM64,Ord65,14136.529999999999,2024-01-26 16:52:00,Wallet,Completed
PM65,Ord66,23858.55,2024-01-28 18:27:00,Credit Card,Completed
PM66,Ord67,12225.220000000001,2024-01-29 18:39:00,Credit Card,Completed
PM67,Ord68,27934.71,2024-01-25 12:04:00,Cash,Completed
PM68,Ord69,44646.31,2024-01-28 13:05:00,Debit Card,Completed
PM69,Ord70,8600.19,2024-01-27 17:20:00,Debit Card,Completed
PM70,Ord71,13186.65,2024-01-27 10:40:00,Debit Card,Completed
PM71,Ord72,19997.64,2024-01-27 15:14:00,Cash,Completed
PM72,Ord73,29402.46,2024-01-27 16:27:00,Wallet,Completed
PM73,Ord74,3344.46,2024-01-29 17:09:00,Cash,Completed
PM74,Ord75,10560.51,2024-01-27 17:51:00,Wallet,Completed
PM75,Ord76,18381.65,2024-01-31 11:53:00,Wallet,Completed
PM76,Ord77,5997.75,2024-02-01 11:56:00,Debit Card,Completed
PM77,Ord78,3990.14,2024-02-01 12:10:00,Cash,Completed
PM78,Ord79,6653.73,2024-01-31 14:00:00,Wallet,Completed
PM79,Ord80,6018.12,2024-01-28 17:05:00,Cash,Refunded
PM80,Ord81,28853.23,2024-01-30 17:20:00,Credit Card,Completed
PM81,Ord82,35724.71,2024-02-02 11:13:00,Cash,Completed
PM82,Ord83,2709.8,2024-01-29 11:59:00,Cash,Completed
PM83,Ord84,27683.03,2024-02-04 09:43:00,Debit Card,Completed
PM84,Ord85,5733.96,2024-01-30 10:16:00,Cash,Completed
PM85,Ord86,17164.07,2024-02-03 12:07:00,Credit Card,Completed
PM86,Ord87,31272.9,2024-01-29 14:53:00,Wallet,Completed
PM87,Ord88,16437.54,2024-02-02 15:52:00,Cash,Completed
PM88,Ord89,33616.97,2024-02-02 16:58:00,Cash,Completed
PM89,Ord90,26292.16,2024-02-05 15:07:00,Cash,Completed
PM90,Ord91,8385.56,2024-02-01 17:28:00,Credit Card,Completed
PM91,Ord92,8255.789999999999,2024-01-30 09:27:00,Cash,Completed
PM92,Ord93,12455.34,2024-02-04 10:35:00,Wallet,Completed
PM93,Ord94,24095.94,2024-02-05 12:38:00,Credit Card,Completed
PM94,Ord95,8974.380000000001,2024-02-01 14:20:00,Wallet,Completed
PM95,Ord96,18505.920000000002,2024-02-04 12:26:00,Credit Card,Completed
PM96,Ord97,15419.43,2024-02-08 12:48:00,Debit Card,Completed
PM97,Ord98,12029.03,2024-02-04 16:13:00,Debit Card,Completed
PM98,Ord99,9161.689999999999,2024-02-05 11:01:00,Debit Card,Completed
PM99,Ord100,40009.6,2024-02-04 11:18:00,Cash,Completed
PM100,Ord101,21903.699999999997,2024-02-04 13:22:00,Credit Card,Completed
PM101,Ord102,1088.58,2024-02-03 14:04:00,Debit Card,Completed
PM102,Ord103,19699.88,2024-02-09 15:01:00,Cash,Completed
PM103,Ord104,15030.279999999999,2024-02-09 18:18:00,Cash,Completed
PM104,Ord105,31856.75,2024-02-09 11:22:00,Credit Card,Completed
PM105,Ord106,738.56,2024-02-09 10:47:00,Cash,Completed
PM106,Ord107,29345.8,2024-02-05 11:17:00,Credit Card,Completed
PM107,Ord108,17074.33,2024-02-08 12:23:00,Credit Card,Completed
PM108,Ord109,7010.370000000001,2024-02-11 13:00:00,Debit Card,Completed
PM109,Ord110,22596.55,2024-02-10 17:00:00,Wallet,Completed
PM110,Ord111,3831.37,2024-02-07 17:05:00,Cash,Completed
PM111,Ord112,30007.53,2024-02-10 10:35:00,Cash,Completed
PM112,Ord113,2664.6600000000003,2024-02-06 13:45:00,Cash,Completed
PM113,Ord114,4395.63,2024-02-13 14:39:00,Wallet,Completed
PM114,Ord115,20095.55,2024-02-08 15:13:00,Debit Card,Completed
PM115,Ord116,17089.78,2024-02-11 18:08:00,Cash,Completed
PM116,Ord117,14756.61,2024-02-13 18:54:00,Wallet,Completed
PM117,Ord118,12663.48,2024-02-14 10:47:00,Credit Card,Completed
PM118,Ord119,18707.98,2024-02-07 12:36:00,Debit Card,Completed
PM119,Ord120,14591.140000000001,2024-02-09 10:36:00,Wallet,Completed
PM120,Ord121,15494.380000000001,2024-02-15 15:41:00,Cash,Completed
PM121,Ord122,5902.5,2024-02-13 16:22:00,Wallet,Completed
PM122,Ord123,19603.96,2024-02-12 09:39:00,Wallet,Completed
PM123,Ord124,22569.4,2024-02-13 17:33:00,Debit Card,Completed
PM124,Ord125,35813.8,2024-02-11 14:04:00,Credit Card,Completed
PM125,Ord126,24694.050000000003,2024-02-14 09:26:00,Cash,Completed
PM126,Ord127,11359.53,2024-02-19 10:45:00,Credit Card,Completed
PM127,Ord128,3574.26,2024-02-19 13:41:00,Debit Card,Completed
PM128,Ord129,8426.080000000002,2024-02-21 10:51:00,Debit Card,Completed
PM129,Ord130,19626.850000000002,2024-02-17 11:16:00,Debit Card,Completed
PM130,Ord131,10960.61,2024-02-20 11:50:00,Cash,Completed
PM131,Ord132,30069.74,2024-02-16 15:00:00,Wallet,Completed
PM132,Ord133,3722.52,2024-02-16 10:58:00,Cash,Completed
PM133,Ord134,9832.54,2024-02-21 15:40:00,Credit Card,Completed
PM134,Ord135,1219.92,2024-02-19 18:24:00,Cash,Completed
PM135,Ord136,52184.81,2024-02-17 10:28:00,Credit Card,Completed
PM136,Ord137,22315.35,2024-02-19 16:09:00,Credit Card,Completed
PM137,Ord138,18984.52,2024-02-18 17:40:00,Credit Card,Completed
PM138,Ord139,9801.46,2024-02-21 09:32:00,Cash,Completed
PM139,Ord140,17076.68,2024-02-23 10:15:00,Cash,Completed
PM140,Ord141,29694.85,2024-02-18 13:06:00,Cash,Completed
PM141,Ord142,24572.41,2024-02-24 16:15:00,Credit Card,Completed
PM142,Ord143,14222.27,2024-02-25 17:49:00,Debit Card,Completed
PM143,Ord144,16401.15,2024-02-19 17:57:00,Debit Card,Completed
PM144,Ord145,21368.33,2024-02-26 10:56:00,Debit Card,Completed
PM145,Ord146,35029.56,2024-02-25 11:37:00,Wallet,Completed
PM146,Ord147,5740.01,2024-02-19 18:12:00,Credit Card,Completed
PM147,Ord148,14380.52,2024-02-26 09:40:00,Credit Card,Completed
PM148,Ord149,12549.02,2024-02-25 09:43:00,Cash,Completed
PM149,Ord150,3099.6000000000004,2024-02-24 09:24:00,Debit Card,Completed
PM150,Ord151,36967.850000000006,2024-02-21 11:06:00,Credit Card,Completed
PM151,Ord152,12554.71,2024-02-24 14:30:00,Wallet,Completed
PM152,Ord153,4099.95,2024-02-25 10:41:00,Debit Card,Completed
PM153,Ord154,17683.88,2024-02-29 10:06:00,Cash,Completed
PM154,Ord155,40350.229999999996,2024-02-29 12:03:00,Cash,Completed
PM155,Ord156,7768.88,2024-02-25 13:00:00,Debit Card,Completed
PM156,Ord157,13946.71,2024-02-25 16:24:00,Debit Card,Completed
PM157,Ord158,13498.68,2024-02-28 11:18:00,Credit Card,Completed
PM158,Ord159,17033.68,2024-03-01 15:31:00,Cash,Completed
PM159,Ord160,6040.24,2024-03-01 17:19:00,Credit Card,Completed
PM160,Ord161,11734.140000000001,2024-02-29 16:20:00,Wallet,Completed
PM161,Ord162,37250.05,2024-03-03 16:44:00,Cash,Completed
PM162,Ord163,13247.82,2024-02-26 09:33:00,Credit Card,Completed
PM163,Ord164,25182.74,2024-03-04 14:20:00,Wallet,Refunded
PM164,Ord165,4072.73,2024-03-01 15:49:00,Cash,Completed
PM165,Ord166,3014.79,2024-02-29 17:09:00,Wallet,Completed
PM166,Ord167,6370.75,2024-03-02 14:34:00,Wallet,Completed
PM167,Ord168,25553.760000000002,2024-03-01 16:28:00,Cash,Completed
PM168,Ord169,20250.69,2024-02-27 17:37:00,Debit Card,Completed
PM169,Ord170,14680.32,2024-03-03 18:48:00,Cash,Completed
PM170,Ord171,10916.57,2024-03-07 12:11:00,Debit Card,Completed
PM171,Ord172,20775.600000000002,2024-03-03 12:25:00,Credit Card,Completed
PM172,Ord173,2654.64,2024-03-06 13:49:00,Credit Card,Completed
PM173,Ord174,26509.18,2024-03-07 17:31:00,Wallet,Completed
PM174,Ord175,21075.600000000002,2024-03-05 09:10:00,Credit Card,Completed
PM175,Ord176,14322.84,2024-03-02 16:47:00,Debit Card,Completed
PM176,Ord177,2991.9700000000003,2024-03-03 17:35:00,Credit Card,Completed
PM177,Ord178,27533.0,2024-03-04 18:32:00,Cash,Completed
PM178,Ord179,1490.32,2024-03-03 13:57:00,Wallet,Completed
PM179,Ord180,5212.89,2024-03-03 16:30:00,Credit Card,Completed
PM180,Ord181,5509.799999999999,2024-03-07 17:04:00,Cash,Completed
PM181,Ord182,16753.379999999997,2024-03-06 18:42:00,Wallet,Completed
PM182,Ord183,28276.45,2024-03-09 09:15:00,Wallet,Completed
PM183,Ord184,29200.239999999998,2024-03-06 14:33:00,Cash,Completed
PM184,Ord185,37915.8,2024-03-10 11:30:00,Debit Card,Completed
PM185,Ord186,6415.95,2024-03-11 12:04:00,Debit Card,Completed
PM186,Ord187,2960.9,2024-03-09 14:47:00,Credit Card,Completed
PM187,Ord188,21414.68,2024-03-11 10:42:00,Debit Card,Completed
PM188,Ord189,7045.98,2024-03-08 12:01:00,Cash,Completed
PM189,Ord190,1807.12,2024-03-12 14:48:00,Credit Card,Completed
PM190,Ord191,18775.52,2024-03-07 16:47:00,Credit Card,Completed
PM191,Ord192,3598.6499999999996,2024-03-06 09:20:00,Wallet,Completed
PM192,Ord193,5685.88,2024-03-12 11:38:00,Wallet,Completed
PM193,Ord194,32438.84,2024-03-08 16:37:00,Wallet,Completed
PM194,Ord195,9055.71,2024-03-13 17:55:00,Cash,Completed
PM195,Ord196,4490.1,2024-03-11 18:42:00,Debit Card,Completed
PM196,Ord197,6265.83,2024-03-08 18:54:00,Debit Card,Completed
PM197,Ord198,2603.07,2024-03-09 09:25:00,Cash,Completed
PM198,Ord199,2878.06,2024-03-10 10:04:00,Wallet,Completed
PM199,Ord200,2329.48,2024-03-08 13:21:00,Debit Card,Completed
PM200,Ord201,13142.22,2024-03-13 16:22:00,Cash,Completed
PM201,Ord202,7024.6,2024-03-13 10:18:00,Credit Card,Completed
PM202,Ord203,31621.629999999997,2024-03-10 10:26:00,Debit Card,Completed
PM203,Ord204,11581.65,2024-03-14 14:48:00,Cash,Completed
PM204,Ord205,19072.359999999997,2024-03-15 17:50:00,Cash,Completed
PM205,Ord206,16090.79,2024-03-17 14:28:00,Cash,Completed
PM206,Ord207,24756.6,2024-03-16 09:56:00,Debit Card,Completed
PM207,Ord208,40497.42,2024-03-14 18:49:00,Wallet,Completed
PM208,Ord209,13160.32,2024-03-19 09:00:00,Cash,Completed
PM209,Ord210,7296.45,2024-03-19 12:39:00,Credit Card,Completed
PM210,Ord211,5837.16,2024-03-15 13:55:00,Credit Card,Completed
PM211,Ord212,44953.92,2024-03-15 18:53:00,Cash,Completed
PM212,Ord213,15548.099999999999,2024-03-16 11:27:00,Credit Card,Completed
PM213,Ord214,2911.85,2024-03-20 12:38:00,Credit Card,Completed
PM214,Ord215,13186.65,2024-03-18 14:47:00,Cash,Completed
PM215,Ord216,15104.85,2024-03-16 15:38:00,Credit Card,Completed
PM216,Ord217,27900.37,2024-03-23 10:34:00,Wallet,Completed
PM217,Ord218,14893.39,2024-03-17 15:59:00,Credit Card,Completed
PM218,Ord219,5733.46,2024-03-22 09:49:00,Wallet,Completed
PM219,Ord220,24256.09,2024-03-21 18:39:00,Credit Card,Completed
PM220,Ord221,1199.32,2024-03-23 10:20:00,Cash,Completed
PM221,Ord222,5119.0,2024-03-26 13:22:00,Debit Card,Completed
PM222,Ord223,14816.43,2024-03-25 15:42:00,Credit Card,Completed
PM223,Ord224,5202.620000000001,2024-03-29 13:25:00,Cash,Completed
PM224,Ord225,5361.08,2024-03-25 16:28:00,Wallet,Completed
PM225,Ord226,19090.37,2024-03-27 16:53:00,Wallet,Completed
PM226,Ord227,9403.380000000001,2024-03-25 17:59:00,Cash,Completed
PM227,Ord228,8685.52,2024-03-25 11:47:00,Debit Card,Completed
PM228,Ord229,18624.36,2024-03-26 12:53:00,Credit Card,Refunded
PM229,Ord230,26754.96,2024-03-31 13:24:00,Credit Card,Completed
PM230,Ord231,19816.489999999998,2024-03-27 15:03:00,Wallet,Completed
PM231,Ord232,16408.84,2024-03-28 16:38:00,Cash,Completed
PM232,Ord233,10420.710000000001,2024-03-27 17:20:00,Wallet,Completed
PM233,Ord234,8949.52,2024-03-26 09:25:00,Credit Card,Completed
PM234,Ord235,3574.98,2024-03-25 09:58:00,Debit Card,Completed
PM235,Ord236,21889.219999999998,2024-03-29 10:48:00,Cash,Completed
PM236,Ord237,11684.960000000001,2024-03-31 14:34:00,Debit Card,Completed
PM237,Ord238,24569.99,2024-03-26 15:37:00,Cash,Completed
PM238,Ord239,4278.24,2024-04-02 12:53:00,Wallet,Completed
PM239,Ord240,12230.48,2024-03-27 13:45:00,Debit Card,Completed
PM240,Ord241,11148.65,2024-03-26 15:00:00,Credit Card,Completed
PM241,Ord242,898.6,2024-04-01 15:25:00,Cash,Completed
PM242,Ord243,28732.870000000003,2024-03-31 17:36:00,Cash,Completed
PM243,Ord244,17600.85,2024-03-27 09:24:00,Cash,Completed
PM244,Ord245,9322.95,2024-03-31 12:23:00,Credit Card,Completed
PM245,Ord246,24132.57,2024-04-03 10:33:00,Credit Card,Completed
PM246,Ord247,22560.48,2024-03-31 16:13:00,Cash,Completed
PM247,Ord248,22079.67,2024-03-30 15:19:00,Cash,Completed
PM248,Ord249,2439.81,2024-04-01 18:43:00,Credit Card,Completed
PM249,Ord250,11416.82,2024-04-01 11:05:00,Wallet,Completed
PM250,Ord251,19915.98,2024-04-03 11:11:00,Credit Card,Completed
PM251,Ord252,33090.94,2024-04-04 16:12:00,Wallet,Completed
PM252,Ord253,2049.43,2024-04-03 10:54:00,Credit Card,Refunded
PM253,Ord254,16079.02,2024-04-05 11:17:00,Wallet,Completed
PM254,Ord255,18807.1,2024-04-01 11:51:00,Debit Card,Completed
PM255,Ord256,26690.710000000003,2024-04-04 14:13:00,Credit Card,Completed
PM256,Ord257,12688.27,2024-04-01 17:16:00,Debit Card,Completed
PM257,Ord258,9670.95,2024-04-06 17:50:00,Cash,Completed
PM258,Ord259,17320.95,2024-04-06 18:03:00,Debit Card,Completed
PM259,Ord260,15106.65,2024-04-05 18:14:00,Cash,Completed
PM260,Ord261,11695.75,2024-04-05 09:24:00,Cash,Completed
PM261,Ord262,19002.52,2024-04-07 12:28:00,Credit Card,Completed
PM262,Ord263,13928.49,2024-04-07 13:55:00,Cash,Completed
PM263,Ord264,9938.71,2024-04-08 16:31:00,Debit Card,Completed
PM264,Ord265,20439.54,2024-04-04 09:19:00,Credit Card,Completed
PM265,Ord266,31676.38,2024-04-02 12:03:00,Credit Card,Completed
PM266,Ord267,4931.31,2024-04-05 15:32:00,Cash,Completed
PM267,Ord268,34721.89,2024-04-03 11:18:00,Cash,Completed
PM268,Ord269,26620.86,2024-04-10 13:39:00,Wallet,Completed
PM269,Ord270,2637.33,2024-04-05 14:48:00,Credit Card,Completed
PM270,Ord271,22070.059999999998,2024-04-08 15:24:00,Debit Card,Completed
PM271,Ord272,3673.2,2024-04-05 18:30:00,Credit Card,Completed
PM272,Ord273,15029.25,2024-04-09 10:09:00,Wallet,Completed
PM273,Ord274,4284.24,2024-04-05 11:33:00,Cash,Completed
PM274,Ord275,27001.1,2024-04-08 09:25:00,Wallet,Completed
PM275,Ord276,28669.989999999998,2024-04-10 10:00:00,Debit Card,Completed
PM276,Ord277,20187.41,2024-04-05 10:21:00,Debit Card,Completed
PM277,Ord278,11324.230000000001,2024-04-07 14:20:00,Debit Card,Completed
PM278,Ord279,30167.29,2024-04-06 15:04:00,Debit Card,Completed
PM279,Ord280,9092.26,2024-04-06 11:28:00,Wallet,Completed
PM280,Ord281,34077.68,2024-04-09 12:06:00,Wallet,Refunded
PM281,Ord282,16810.25,2024-04-09 15:32:00,Wallet,Completed
PM282,Ord283,1998.6799999999998,2024-04-09 18:42:00,Wallet,Completed
PM283,Ord284,5892.1,2024-04-14 10:42:00,Cash,Completed
PM284,Ord285,9281.19,2024-04-10 14:19:00,Debit Card,Completed
PM285,Ord286,32072.74,2024-04-09 14:31:00,Credit Card,Completed
PM286,Ord287,11305.36,2024-04-15 15:11:00,Wallet,Completed
PM287,Ord288,33013.48,2024-04-13 17:42:00,Cash,Completed
PM288,Ord289,6255.16,2024-04-12 18:29:00,Credit Card,Completed
PM289,Ord290,1331.28,2024-04-10 10:20:00,Cash,Completed
PM290,Ord291,23127.44,2024-04-17 15:55:00,Credit Card,Completed
PM291,Ord292,29654.38,2024-04-16 14:26:00,Wallet,Completed
PM292,Ord293,10821.18,2024-04-17 09:04:00,Debit Card,Completed
PM293,Ord294,19181.32,2024-04-14 14:12:00,Cash,Completed
PM294,Ord295,914.94,2024-04-12 18:12:00,Credit Card,Completed
PM295,Ord296,1659.19,2024-04-13 09:45:00,Wallet,Completed
PM296,Ord297,66255.57,2024-04-15 11:22:00,Debit Card,Completed
PM297,Ord298,23711.03,2024-04-13 18:38:00,Debit Card,Completed
PM298,Ord299,12704.15,2024-04-21 14:17:00,Wallet,Completed
PM299,Ord300,18743.49,2024-04-19 16:26:00,Debit Card,Completed
PM300,Ord301,4974.05,2024-04-21 18:39:00,Cash,Completed
PM301,Ord302,22760.22,2024-04-15 12:42:00,Credit Card,Completed
PM302,Ord303,42831.11,2024-04-22 15:25:00,Debit Card,Completed
PM303,Ord304,5205.18,2024-04-18 14:25:00,Wallet,Completed
PM304,Ord305,3668.89,2024-04-17 11:57:00,Cash,Completed
PM305,Ord306,35747.43,2024-04-24 12:44:00,Debit Card,Completed
PM306,Ord307,24508.64,2024-04-24 17:32:00,Wallet,Completed
PM307,Ord308,19688.1,2024-04-24 11:51:00,Credit Card,Completed
PM308,Ord309,19911.98,2024-04-18 13:29:00,Wallet,Completed
PM309,Ord310,20382.0,2024-04-24 12:13:00,Wallet,Completed
PM310,Ord311,15535.53,2024-04-26 13:23:00,Wallet,Completed
PM311,Ord312,38976.369999999995,2024-04-22 14:01:00,Credit Card,Refunded
PM312,Ord313,35397.08,2024-04-25 14:40:00,Wallet,Refunded
PM313,Ord314,45333.6,2024-04-22 09:24:00,Credit Card,Completed
PM314,Ord315,9124.7,2024-04-21 10:02:00,Wallet,Completed
PM315,Ord316,30772.13,2024-04-20 10:05:00,Wallet,Completed
PM316,Ord317,27333.52,2024-04-23 13:27:00,Wallet,Completed
PM317,Ord318,28524.449999999997,2024-04-25 15:02:00,Credit Card,Completed
PM318,Ord319,33343.35,2024-04-25 12:55:00,Credit Card,Completed
PM319,Ord320,2139.7,2024-04-27 16:37:00,Credit Card,Completed
PM320,Ord321,18531.48,2024-04-23 18:31:00,Credit Card,Refunded
PM321,Ord322,27839.43,2024-04-28 10:23:00,Credit Card,Completed
PM322,Ord323,15301.38,2024-04-29 11:50:00,Cash,Completed
PM323,Ord324,5376.93,2024-04-23 15:48:00,Wallet,Refunded
PM324,Ord325,6313.35,2024-04-24 14:03:00,Credit Card,Completed
PM325,Ord326,8398.68,2024-04-30 09:20:00,Wallet,Completed
PM326,Ord327,11418.48,2024-04-27 10:01:00,Cash,Completed
PM327,Ord328,19476.16,2024-05-01 10:33:00,Cash,Completed
PM328,Ord329,1262.51,2024-05-01 11:59:00,Cash,Completed
PM329,Ord330,17836.55,2024-05-03 12:47:00,Credit Card,Completed
PM330,Ord331,8900.66,2024-04-30 15:48:00,Debit Card,Completed
PM331,Ord332,28853.92,2024-04-28 16:52:00,Cash,Completed
PM332,Ord333,2671.0,2024-05-02 17:27:00,Debit Card,Completed
PM333,Ord334,4509.65,2024-05-01 12:20:00,Cash,Completed
PM334,Ord335,4303.37,2024-04-30 16:15:00,Cash,Completed
PM335,Ord336,670.42,2024-04-28 18:09:00,Debit Card,Completed
PM336,Ord337,1826.8,2024-05-05 10:13:00,Debit Card,Completed
PM337,Ord338,34917.99,2024-05-05 16:19:00,Debit Card,Completed
PM338,Ord339,8145.46,2024-05-06 17:37:00,Wallet,Completed
PM339,Ord340,6117.2300000000005,2024-05-04 10:10:00,Cash,Completed
PM340,Ord341,22483.47,2024-05-07 16:36:00,Debit Card,Completed
PM341,Ord342,7300.33,2024-05-05 16:40:00,Debit Card,Completed
PM342,Ord343,5205.18,2024-05-08 18:33:00,Wallet,Completed
PM343,Ord344,10560.51,2024-05-02 10:12:00,Wallet,Completed
PM344,Ord345,22747.86,2024-05-04 12:25:00,Credit Card,Completed
PM345,Ord346,31473.68,2024-05-07 12:14:00,Debit Card,Completed
PM346,Ord347,6287.64,2024-05-09 12:18:00,Cash,Completed
PM347,Ord348,12168.46,2024-05-10 15:28:00,Debit Card,Completed
PM348,Ord349,24596.63,2024-05-05 17:47:00,Cash,Completed
PM349,Ord350,17663.76,2024-05-10 18:00:00,Debit Card,Refunded
PM350,Ord351,33049.44,2024-05-11 14:01:00,Debit Card,Completed
PM351,Ord352,4775.77,2024-05-07 14:11:00,Debit Card,Completed
PM352,Ord353,18001.68,2024-05-08 15:25:00,Wallet,Completed
PM353,Ord354,26675.3,2024-05-07 17:44:00,Credit Card,Completed
PM354,Ord355,13570.74,2024-05-11 12:19:00,Debit Card,Refunded
PM355,Ord356,23476.03,2024-05-07 14:21:00,Debit Card,Completed
PM356,Ord357,13124.0,2024-05-08 10:54:00,Cash,Completed
PM357,Ord358,8226.44,2024-05-07 12:50:00,Credit Card,Refunded
PM358,Ord359,15260.8,2024-05-09 14:58:00,Debit Card,Completed
PM359,Ord360,8547.73,2024-05-12 17:58:00,Credit Card,Completed
PM360,Ord361,33661.52,2024-05-09 09:18:00,Cash,Completed
PM361,Ord362,19568.28,2024-05-15 09:43:00,Wallet,Completed
PM362,Ord363,16073.64,2024-05-14 09:58:00,Wallet,Completed
PM363,Ord364,17663.76,2024-05-14 16:20:00,Cash,Completed
PM364,Ord365,2530.94,2024-05-11 17:33:00,Credit Card,Completed
PM365,Ord366,32562.260000000002,2024-05-12 18:10:00,Debit Card,Completed
PM366,Ord367,4677.62,2024-05-14 09:51:00,Credit Card,Completed
PM367,Ord368,18871.45,2024-05-13 18:34:00,Cash,Completed
PM368,Ord369,3713.5299999999997,2024-05-13 11:54:00,Debit Card,Completed
PM369,Ord370,20147.25,2024-05-13 11:58:00,Credit Card,Completed
PM370,Ord371,14908.170000000002,2024-05-16 17:13:00,Cash,Completed
PM371,Ord372,12753.43,2024-05-18 12:48:00,Wallet,Completed
PM372,Ord373,20777.41,2024-05-17 13:02:00,Cash,Completed
PM373,Ord374,4426.9,2024-05-14 16:47:00,Credit Card,Completed
PM374,Ord375,15454.02,2024-05-12 17:18:00,Cash,Completed
PM375,Ord376,34429.49,2024-05-19 12:09:00,Debit Card,Completed
PM376,Ord377,18184.12,2024-05-15 17:14:00,Cash,Completed
PM377,Ord378,9619.44,2024-05-19 17:36:00,Debit Card,Completed
PM378,Ord379,7534.68,2024-05-17 14:01:00,Credit Card,Refunded
PM379,Ord380,37895.729999999996,2024-05-19 17:42:00,Wallet,Completed
PM380,Ord381,6735.76,2024-05-15 12:25:00,Credit Card,Completed
PM381,Ord382,11922.37,2024-05-18 17:32:00,Cash,Completed
PM382,Ord383,9711.33,2024-05-15 12:18:00,Debit Card,Completed
PM383,Ord384,14210.44,2024-05-18 13:40:00,Cash,Completed
PM384,Ord385,1621.3,2024-05-19 14:12:00,Wallet,Refunded
PM385,Ord386,8404.08,2024-05-20 15:04:00,Wallet,Completed
PM386,Ord387,13730.77,2024-05-22 15:45:00,Debit Card,Completed
PM387,Ord388,32361.86,2024-05-18 17:49:00,Cash,Completed
PM388,Ord389,21449.94,2024-05-21 09:05:00,Credit Card,Completed
PM389,Ord390,4050.8999999999996,2024-05-17 15:32:00,Credit Card,Completed
PM390,Ord391,6875.43,2024-05-19 12:33:00,Debit Card,Completed
PM391,Ord392,23052.239999999998,2024-05-19 13:09:00,Debit Card,Completed
PM392,Ord393,12471.44,2024-05-18 15:26:00,Credit Card,Completed
PM393,Ord394,14632.98,2024-05-22 11:17:00,Credit Card,Completed
PM394,Ord395,32824.3,2024-05-18 15:41:00,Credit Card,Completed
PM395,Ord396,25968.59,2024-05-24 12:08:00,Wallet,Completed
PM396,Ord397,2695.01,2024-05-23 13:01:00,Wallet,Completed
PM397,Ord398,19626.35,2024-05-24 15:31:00,Cash,Completed
PM398,Ord399,14816.43,2024-05-23 11:04:00,Wallet,Completed
PM399,Ord400,3176.59,2024-05-26 10:33:00,Credit Card,Completed
PM400,Ord401,18426.03,2024-05-28 12:01:00,Wallet,Completed
PM401,Ord402,15526.36,2024-05-27 13:00:00,Wallet,Completed
PM402,Ord403,35736.28,2024-05-23 15:05:00,Wallet,Completed
PM403,Ord404,19367.989999999998,2024-05-27 17:59:00,Cash,Completed
PM404,Ord405,12453.98,2024-05-24 18:51:00,Debit Card,Completed
PM405,Ord406,4435.82,2024-05-22 09:39:00,Credit Card,Completed
PM406,Ord407,32878.05,2024-05-29 14:04:00,Debit Card,Completed
PM407,Ord408,10690.17,2024-05-28 17:40:00,Credit Card,Completed
PM408,Ord409,4416.28,2024-05-26 17:48:00,Credit Card,Completed
PM409,Ord410,48383.630000000005,2024-05-28 18:22:00,Wallet,Completed
PM410,Ord411,20440.85,2024-05-24 09:30:00,Debit Card,Completed
PM411,Ord412,6040.24,2024-05-24 10:11:00,Wallet,Completed
PM412,Ord413,2011.2599999999998,2024-05-28 13:35:00,Debit Card,Refunded
PM413,Ord414,20872.5,2024-05-27 15:07:00,Wallet,Completed
PM414,Ord415,32634.420000000002,2024-05-28 11:24:00,Cash,Completed
PM415,Ord416,30853.059999999998,2024-05-29 11:39:00,Debit Card,Completed
PM416,Ord417,10005.47,2024-05-28 17:00:00,Cash,Completed
PM417,Ord418,31655.250000000004,2024-05-25 17:07:00,Debit Card,Completed
PM418,Ord419,14747.82,2024-06-01 17:07:00,Debit Card,Refunded
PM419,Ord420,21133.78,2024-05-27 09:12:00,Debit Card,Completed
PM420,Ord421,15706.23,2024-05-28 10:59:00,Credit Card,Completed
PM421,Ord422,25909.04,2024-05-26 13:26:00,Wallet,Completed
PM422,Ord423,34857.25,2024-05-27 13:51:00,Credit Card,Completed
PM423,Ord424,21941.11,2024-05-30 16:24:00,Credit Card,Completed
PM424,Ord425,13569.4,2024-05-31 16:59:00,Credit Card,Completed
PM425,Ord426,10175.05,2024-05-31 17:15:00,Wallet,Completed
PM426,Ord427,7577.82,2024-05-31 10:36:00,Cash,Completed
PM427,Ord428,6261.96,2024-06-04 12:19:00,Cash,Completed
PM428,Ord429,1405.36,2024-05-29 13:49:00,Debit Card,Completed
PM429,Ord430,62241.35,2024-06-02 14:32:00,Credit Card,Completed
PM430,Ord431,6954.96,2024-06-01 15:57:00,Debit Card,Completed
PM431,Ord432,17281.23,2024-06-04 10:34:00,Debit Card,Completed
PM432,Ord433,17254.35,2024-06-04 11:15:00,Wallet,Completed
PM433,Ord434,17060.699999999997,2024-05-30 18:04:00,Wallet,Completed
PM434,Ord435,9769.52,2024-06-03 18:58:00,Debit Card,Completed
PM435,Ord436,16008.439999999999,2024-05-31 17:51:00,Credit Card,Completed
PM436,Ord437,1262.67,2024-05-31 16:08:00,Cash,Completed
PM437,Ord438,19116.96,2024-06-02 17:18:00,Credit Card,Completed
PM438,Ord439,359.55,2024-06-02 18:02:00,Credit Card,Completed
PM439,Ord440,6467.76,2024-05-31 18:18:00,Cash,Completed
PM440,Ord441,3214.42,2024-06-01 11:10:00,Wallet,Completed
PM441,Ord442,2960.0099999999998,2024-06-03 11:52:00,Cash,Completed
PM442,Ord443,14790.92,2024-06-04 16:52:00,Credit Card,Completed
PM443,Ord444,14908.170000000002,2024-06-02 12:46:00,Wallet,Refunded
PM444,Ord445,24512.25,2024-06-07 12:34:00,Credit Card,Completed
PM445,Ord446,32329.679999999997,2024-06-04 13:07:00,Cash,Completed
PM446,Ord447,34586.32,2024-06-04 13:50:00,Debit Card,Completed
PM447,Ord448,27797.55,2024-06-05 14:00:00,Credit Card,Completed
PM448,Ord449,9619.44,2024-06-11 14:09:00,Debit Card,Completed
PM449,Ord450,13221.14,2024-06-07 18:51:00,Debit Card,Completed
PM450,Ord451,32666.68,2024-06-09 09:32:00,Cash,Completed
PM451,Ord452,13267.8,2024-06-07 15:02:00,Debit Card,Completed
PM452,Ord453,4247.1900000000005,2024-06-08 15:41:00,Credit Card,Completed
PM453,Ord454,10319.85,2024-06-07 13:24:00,Wallet,Completed
PM454,Ord455,3884.09,2024-06-06 14:08:00,Wallet,Completed
PM455,Ord456,13311.54,2024-06-06 16:58:00,Debit Card,Completed
PM456,Ord457,15840.0,2024-06-14 09:19:00,Credit Card,Completed
PM457,Ord458,6741.849999999999,2024-06-14 11:29:00,Wallet,Completed
PM458,Ord459,37266.05,2024-06-08 14:21:00,Wallet,Refunded
PM459,Ord460,15021.92,2024-06-12 10:53:00,Wallet,Completed
PM460,Ord461,14716.4,2024-06-13 13:47:00,Cash,Completed
PM461,Ord462,2272.8,2024-06-10 13:57:00,Debit Card,Completed
PM462,Ord463,6149.389999999999,2024-06-14 17:51:00,Debit Card,Completed
PM463,Ord464,30576.64,2024-06-14 16:31:00,Wallet,Completed
PM464,Ord465,21978.15,2024-06-09 18:43:00,Wallet,Refunded
PM465,Ord466,2049.43,2024-06-11 10:12:00,Cash,Completed
PM466,Ord467,21739.57,2024-06-16 13:12:00,Debit Card,Completed
PM467,Ord468,19870.739999999998,2024-06-16 15:04:00,Cash,Completed
PM468,Ord469,3563.12,2024-06-17 15:23:00,Debit Card,Completed
PM469,Ord470,38484.1,2024-06-11 11:35:00,Credit Card,Completed
PM470,Ord471,4565.599999999999,2024-06-12 11:48:00,Wallet,Completed
PM471,Ord472,29106.280000000002,2024-06-18 13:53:00,Credit Card,Completed
PM472,Ord473,19281.63,2024-06-11 16:19:00,Credit Card,Completed
PM473,Ord474,6680.26,2024-06-15 09:03:00,Credit Card,Completed
PM474,Ord475,4829.280000000001,2024-06-15 10:41:00,Credit Card,Completed
PM475,Ord476,7531.14,2024-06-15 15:26:00,Debit Card,Completed
PM476,Ord477,12469.68,2024-06-14 16:13:00,Credit Card,Completed
PM477,Ord478,23017.23,2024-06-13 10:29:00,Cash,Refunded
PM478,Ord479,6901.01,2024-06-18 11:30:00,Credit Card,Completed
PM479,Ord480,9682.720000000001,2024-06-15 14:03:00,Credit Card,Completed
PM480,Ord481,10747.62,2024-06-16 17:48:00,Wallet,Refunded
PM481,Ord482,3127.58,2024-06-15 09:00:00,Credit Card,Completed
PM482,Ord483,31517.48,2024-06-18 16:33:00,Cash,Completed
PM483,Ord484,16113.16,2024-06-22 15:53:00,Cash,Completed
PM484,Ord485,6057.78,2024-06-25 12:21:00,Debit Card,Completed
PM485,Ord486,3708.66,2024-06-22 14:19:00,Wallet,Completed
PM486,Ord487,35209.259999999995,2024-06-23 16:00:00,Cash,Completed
PM487,Ord488,17816.95,2024-06-19 18:28:00,Debit Card,Completed
PM488,Ord489,1675.19,2024-06-28 14:03:00,Wallet,Completed
PM489,Ord490,17728.95,2024-06-27 14:10:00,Wallet,Completed
PM490,Ord491,1177.24,2024-06-27 13:12:00,Wallet,Completed
PM491,Ord492,3990.14,2024-06-27 13:29:00,Debit Card,Completed
PM492,Ord493,28330.42,2024-06-28 13:34:00,Wallet,Completed
PM493,Ord494,1807.12,2024-06-28 17:50:00,Credit Card,Completed
PM494,Ord495,11739.650000000001,2024-06-24 18:46:00,Debit Card,Completed
PM495,Ord496,12661.49,2024-06-30 15:00:00,Wallet,Completed
PM496,Ord497,12587.400000000001,2024-06-26 18:49:00,Credit Card,Completed
PM497,Ord498,21040.010000000002,2024-06-28 09:15:00,Debit Card,Completed
PM498,Ord499,26448.699999999997,2024-06-28 14:09:00,Cash,Completed
PM499,Ord500,14113.5,2024-06-27 16:59:00,Cash,Completed
PM500,Ord501,13017.3,2024-06-26 09:21:00,Wallet,Completed
PM501,Ord502,18078.45,2024-06-28 09:57:00,Credit Card,Completed
PM502,Ord503,5156.49,2024-06-27 09:43:00,Cash,Completed
PM503,Ord504,29620.27,2024-06-27 09:53:00,Debit Card,Completed
PM504,Ord505,15397.94,2024-06-27 13:57:00,Debit Card,Completed
PM505,Ord506,6875.43,2024-07-02 11:13:00,Wallet,Refunded
PM506,Ord507,13946.91,2024-07-01 15:21:00,Wallet,Completed
PM507,Ord508,3882.6000000000004,2024-07-04 17:07:00,Cash,Completed
PM508,Ord509,32239.15,2024-06-29 12:33:00,Cash,Completed
PM509,Ord510,28349.950000000004,2024-06-29 18:36:00,Cash,Completed
PM510,Ord511,18184.52,2024-07-03 12:05:00,Cash,Completed
PM511,Ord512,13796.849999999999,2024-07-04 12:44:00,Wallet,Refunded
PM512,Ord513,1629.1499999999999,2024-06-30 14:27:00,Wallet,Completed
PM513,Ord514,5614.68,2024-07-05 09:48:00,Cash,Completed
PM514,Ord515,15427.7,2024-07-03 13:34:00,Credit Card,Completed
PM515,Ord516,17895.809999999998,2024-07-04 15:04:00,Wallet,Completed
PM516,Ord517,21068.25,2024-07-02 17:03:00,Cash,Completed
PM517,Ord518,6601.35,2024-07-01 12:02:00,Cash,Completed
PM518,Ord519,44716.05,2024-07-07 15:52:00,Credit Card,Completed
PM519,Ord520,31362.81,2024-07-02 11:11:00,Credit Card,Completed
PM520,Ord521,1496.7,2024-07-09 13:17:00,Credit Card,Completed
PM521,Ord522,6337.64,2024-07-07 17:56:00,Debit Card,Completed
PM522,Ord523,44839.600000000006,2024-07-10 12:09:00,Wallet,Completed
PM523,Ord524,7393.05,2024-07-05 13:52:00,Credit Card,Refunded
PM524,Ord525,1742.15,2024-07-06 14:32:00,Debit Card,Completed
PM525,Ord526,27774.72,2024-07-07 18:25:00,Debit Card,Completed
PM526,Ord527,17850.52,2024-07-07 09:09:00,Cash,Refunded
PM527,Ord528,20733.43,2024-07-05 14:58:00,Cash,Completed
PM528,Ord529,21531.33,2024-07-11 10:12:00,Cash,Completed
PM529,Ord530,4546.03,2024-07-08 13:20:00,Credit Card,Completed
PM530,Ord531,36167.48,2024-07-06 18:30:00,Credit Card,Completed
PM531,Ord532,16067.42,2024-07-13 12:53:00,Wallet,Completed
PM532,Ord533,9416.14,2024-07-06 15:36:00,Cash,Completed
PM533,Ord534,50845.8,2024-07-06 17:03:00,Cash,Completed
PM534,Ord535,20597.34,2024-07-14 09:28:00,Cash,Refunded
PM535,Ord536,5122.6,2024-07-12 10:13:00,Cash,Completed
PM536,Ord537,22982.21,2024-07-08 16:03:00,Wallet,Completed
PM537,Ord538,11745.76,2024-07-15 16:04:00,Cash,Completed
PM538,Ord539,18743.47,2024-07-08 16:52:00,Wallet,Completed
PM539,Ord540,9110.650000000001,2024-07-09 17:42:00,Credit Card,Completed
PM540,Ord541,27440.02,2024-07-10 17:44:00,Debit Card,Completed
PM541,Ord542,14384.09,2024-07-16 15:47:00,Debit Card,Completed
PM542,Ord543,38137.35,2024-07-15 09:05:00,Credit Card,Completed
PM543,Ord544,7272.51,2024-07-11 16:16:00,Credit Card,Completed
PM544,Ord545,1836.6,2024-07-14 10:55:00,Cash,Completed
PM545,Ord546,18435.29,2024-07-13 13:18:00,Debit Card,Completed
PM546,Ord547,11775.81,2024-07-18 18:53:00,Debit Card,Completed
PM547,Ord548,3331.46,2024-07-12 11:26:00,Wallet,Completed
PM548,Ord549,10982.76,2024-07-19 14:08:00,Credit Card,Completed
PM549,Ord550,19735.54,2024-07-18 17:42:00,Debit Card,Completed
PM550,Ord551,12996.400000000001,2024-07-17 09:06:00,Credit Card,Completed
PM551,Ord552,32635.46,2024-07-19 12:15:00,Credit Card,Completed
PM552,Ord553,14758.75,2024-07-15 15:30:00,Credit Card,Completed
PM553,Ord554,26333.71,2024-07-21 11:38:00,Wallet,Completed
PM554,Ord555,16870.27,2024-07-15 11:48:00,Wallet,Completed
PM555,Ord556,2566.38,2024-07-14 14:00:00,Debit Card,Completed
PM556,Ord557,6823.34,2024-07-18 10:18:00,Credit Card,Completed
PM557,Ord558,20071.14,2024-07-19 12:12:00,Cash,Completed
PM558,Ord559,348.43,2024-07-17 13:32:00,Cash,Completed
PM559,Ord560,34776.0,2024-07-21 10:58:00,Wallet,Completed
PM560,Ord561,11586.62,2024-07-17 11:02:00,Cash,Completed
PM561,Ord562,4594.01,2024-07-19 13:12:00,Cash,Completed
PM562,Ord563,16115.76,2024-07-22 14:44:00,Credit Card,Completed
PM563,Ord564,3328.2,2024-07-19 17:10:00,Debit Card,Completed
PM564,Ord565,15007.179999999998,2024-07-22 14:48:00,Debit Card,Completed
PM565,Ord566,11499.570000000002,2024-07-24 11:37:00,Cash,Refunded
PM566,Ord567,32076.809999999998,2024-07-25 13:48:00,Wallet,Completed
PM567,Ord568,17919.4,2024-07-23 09:15:00,Credit Card,Completed
PM568,Ord569,341.64,2024-07-21 10:44:00,Wallet,Completed
PM569,Ord570,16488.66,2024-07-24 18:00:00,Debit Card,Completed
PM570,Ord571,14822.31,2024-07-25 09:22:00,Debit Card,Completed
PM571,Ord572,7402.25,2024-07-26 10:55:00,Cash,Completed
PM572,Ord573,21110.010000000002,2024-07-25 14:14:00,Cash,Completed
PM573,Ord574,21060.32,2024-07-28 18:24:00,Debit Card,Completed
PM574,Ord575,22998.8,2024-07-24 10:17:00,Credit Card,Completed
PM575,Ord576,37399.780000000006,2024-07-24 11:10:00,Wallet,Completed
PM576,Ord577,12431.74,2024-07-29 12:19:00,Cash,Completed
PM577,Ord578,6287.64,2024-07-23 14:21:00,Credit Card,Completed
PM578,Ord579,10250.470000000001,2024-07-25 13:40:00,Debit Card,Completed
PM579,Ord580,27983.929999999997,2024-07-31 17:03:00,Credit Card,Completed
PM580,Ord581,20941.45,2024-07-31 09:18:00,Cash,Completed
PM581,Ord582,6743.03,2024-08-01 14:56:00,Wallet,Completed
PM582,Ord583,9875.2,2024-07-31 15:36:00,Cash,Completed
PM583,Ord584,9377.46,2024-07-30 18:42:00,Cash,Completed
PM584,Ord585,9757.06,2024-07-29 09:27:00,Cash,Completed
PM585,Ord586,17545.97,2024-08-02 18:03:00,Cash,Completed
PM586,Ord587,3884.09,2024-07-27 14:59:00,Debit Card,Refunded
PM587,Ord588,719.1,2024-08-01 15:31:00,Wallet,Completed
PM588,Ord589,12634.630000000001,2024-07-29 15:52:00,Wallet,Completed
PM589,Ord590,18038.6,2024-07-31 17:27:00,Cash,Completed
PM590,Ord591,1697.98,2024-07-31 14:58:00,Credit Card,Completed
PM591,Ord592,2086.28,2024-07-29 17:54:00,Debit Card,Completed
PM592,Ord593,21294.460000000003,2024-08-03 10:25:00,Credit Card,Completed
PM593,Ord594,18474.52,2024-07-29 14:40:00,Debit Card,Completed
PM594,Ord595,26502.260000000002,2024-08-02 14:49:00,Wallet,Completed
PM595,Ord596,11380.54,2024-07-31 12:29:00,Debit Card,Completed
PM596,Ord597,7062.79,2024-07-31 14:21:00,Credit Card,Completed
PM597,Ord598,609.96,2024-08-03 14:32:00,Wallet,Completed
PM598,Ord599,23496.02,2024-08-03 16:41:00,Debit Card,Completed
PM599,Ord600,588.62,2024-08-04 18:14:00,Cash,Completed
PM600,Ord601,19394.03,2024-08-05 09:35:00,Wallet,Completed
PM601,Ord602,22401.989999999998,2024-08-07 09:37:00,Credit Card,Completed
PM602,Ord603,1807.12,2024-08-07 10:30:00,Credit Card,Completed
PM603,Ord604,9027.18,2024-08-02 15:31:00,Cash,Completed
PM604,Ord605,31983.449999999997,2024-08-08 09:54:00,Cash,Completed
PM605,Ord606,37337.16,2024-08-08 10:14:00,Cash,Completed
PM606,Ord607,15990.240000000002,2024-08-02 12:54:00,Cash,Completed
PM607,Ord608,44079.020000000004,2024-08-03 14:57:00,Credit Card,Completed
PM608,Ord609,31822.979999999996,2024-08-08 15:13:00,Credit Card,Completed
PM609,Ord610,15762.670000000002,2024-08-05 13:22:00,Credit Card,Completed
PM610,Ord611,30887.75,2024-08-09 15:21:00,Cash,Refunded
PM611,Ord612,12903.79,2024-08-09 18:04:00,Credit Card,Completed
PM612,Ord613,630.06,2024-08-06 17:14:00,Cash,Completed
PM613,Ord614,26845.96,2024-08-07 11:06:00,Debit Card,Completed
PM614,Ord615,37126.06,2024-08-09 14:11:00,Debit Card,Completed
PM615,Ord616,10584.400000000001,2024-08-05 16:31:00,Debit Card,Completed
PM616,Ord617,19251.01,2024-08-11 09:28:00,Cash,Completed
PM617,Ord618,7704.860000000001,2024-08-13 12:08:00,Wallet,Completed
PM618,Ord619,36868.450000000004,2024-08-06 14:00:00,Cash,Completed
PM619,Ord620,6279.719999999999,2024-08-13 18:49:00,Cash,Completed
PM620,Ord621,12399.300000000001,2024-08-10 13:25:00,Wallet,Completed
PM621,Ord622,21560.9,2024-08-11 13:39:00,Wallet,Completed
PM622,Ord623,26247.3,2024-08-14 13:39:00,Credit Card,Completed
PM623,Ord624,19787.36,2024-08-09 17:37:00,Credit Card,Completed
PM624,Ord625,12306.630000000001,2024-08-08 17:51:00,Debit Card,Completed
PM625,Ord626,3725.7999999999997,2024-08-11 09:40:00,Credit Card,Completed
PM626,Ord627,21895.06,2024-08-10 10:16:00,Credit Card,Completed
PM627,Ord628,7009.47,2024-08-11 10:46:00,Debit Card,Completed
PM628,Ord629,23544.58,2024-08-14 15:58:00,Wallet,Completed
PM629,Ord630,6234.39,2024-08-10 16:31:00,Debit Card,Completed
PM630,Ord631,13004.32,2024-08-13 15:12:00,Credit Card,Completed
PM631,Ord632,18246.52,2024-08-09 15:14:00,Cash,Completed
PM632,Ord633,10502.84,2024-08-12 18:15:00,Wallet,Completed
PM633,Ord634,29319.0,2024-08-16 11:20:00,Wallet,Completed
PM634,Ord635,15155.82,2024-08-15 12:24:00,Cash,Completed
PM635,Ord636,19950.77,2024-08-11 12:42:00,Credit Card,Completed
PM636,Ord637,9091.2,2024-08-13 13:22:00,Credit Card,Completed
PM637,Ord638,29031.309999999998,2024-08-13 14:46:00,Cash,Completed
PM638,Ord639,5427.58,2024-08-12 15:42:00,Credit Card,Completed
PM639,Ord640,18881.06,2024-08-15 12:05:00,Cash,Refunded
PM640,Ord641,4500.42,2024-08-13 17:50:00,Wallet,Completed
PM641,Ord642,18880.5,2024-08-15 11:05:00,Cash,Completed
PM642,Ord643,2155.92,2024-08-14 12:36:00,Debit Card,Completed
PM643,Ord644,34162.98,2024-08-15 14:27:00,Credit Card,Completed
PM644,Ord645,15759.060000000001,2024-08-22 10:11:00,Cash,Completed
PM645,Ord646,32843.71,2024-08-19 10:48:00,Credit Card,Completed
PM646,Ord647,44008.81999999999,2024-08-21 12:28:00,Cash,Completed
PM647,Ord648,12469.68,2024-08-19 09:01:00,Cash,Completed
PM648,Ord649,1014.8700000000001,2024-08-21 14:17:00,Cash,Completed
PM649,Ord650,22539.19,2024-08-18 14:57:00,Credit Card,Completed
PM650,Ord651,23740.69,2024-08-16 15:13:00,Wallet,Completed
PM651,Ord652,20205.25,2024-08-20 09:48:00,Wallet,Completed
PM652,Ord653,20687.6,2024-08-21 13:14:00,Debit Card,Completed
PM653,Ord654,9579.27,2024-08-19 18:53:00,Debit Card,Completed
PM654,Ord655,10665.3,2024-08-21 14:19:00,Cash,Completed
PM655,Ord656,4677.62,2024-08-20 16:24:00,Debit Card,Completed
PM656,Ord657,15503.369999999999,2024-08-20 17:00:00,Debit Card,Completed
PM657,Ord658,8799.7,2024-08-22 17:13:00,Debit Card,Completed
PM658,Ord659,15603.84,2024-08-20 15:43:00,Cash,Completed
PM659,Ord660,13385.439999999999,2024-08-23 18:41:00,Debit Card,Completed
PM660,Ord661,7838.320000000001,2024-08-21 09:24:00,Credit Card,Completed
PM661,Ord662,11099.52,2024-08-27 12:36:00,Credit Card,Completed
PM662,Ord663,21606.36,2024-08-20 12:55:00,Credit Card,Refunded
PM663,Ord664,16840.14,2024-08-26 17:39:00,Credit Card,Completed
PM664,Ord665,5067.1,2024-08-24 09:11:00,Debit Card,Completed
PM665,Ord666,12031.64,2024-08-27 15:39:00,Wallet,Completed
PM666,Ord667,11225.550000000001,2024-08-29 12:45:00,Credit Card,Completed
PM667,Ord668,6583.56,2024-08-28 15:08:00,Debit Card,Refunded
PM668,Ord669,31839.1,2024-08-24 16:44:00,Debit Card,Refunded
PM669,Ord670,11093.02,2024-08-25 18:43:00,Credit Card,Completed
PM670,Ord671,31033.84,2024-08-23 15:41:00,Debit Card,Completed
PM671,Ord672,17371.72,2024-08-30 12:54:00,Wallet,Completed
PM672,Ord673,3030.4,2024-08-25 17:11:00,Credit Card,Completed
PM673,Ord674,20314.800000000003,2024-08-30 14:03:00,Cash,Completed
PM674,Ord675,6947.14,2024-08-29 17:17:00,Debit Card,Completed
PM675,Ord676,16889.68,2024-08-28 18:01:00,Debit Card,Completed
PM676,Ord677,20398.55,2024-08-29 16:44:00,Wallet,Completed
PM677,Ord678,14772.24,2024-08-30 10:58:00,Debit Card,Completed
PM678,Ord679,9928.14,2024-08-31 18:41:00,Wallet,Completed
PM679,Ord680,16052.5,2024-08-28 18:54:00,Cash,Completed
PM680,Ord681,14761.17,2024-08-31 13:15:00,Debit Card,Completed
PM681,Ord682,744.26,2024-08-31 16:36:00,Cash,Completed
PM682,Ord683,6735.76,2024-08-28 18:49:00,Cash,Completed
PM683,Ord684,11053.68,2024-09-04 09:10:00,Cash,Completed
PM684,Ord685,14378.29,2024-09-04 09:55:00,Cash,Completed
PM685,Ord686,24431.88,2024-08-30 11:18:00,Credit Card,Completed
PM686,Ord687,19941.42,2024-08-29 11:39:00,Wallet,Completed
PM687,Ord688,4315.55,2024-09-04 14:11:00,Wallet,Completed
PM688,Ord689,20264.46,2024-08-31 17:36:00,Cash,Refunded
PM689,Ord690,7573.02,2024-09-06 14:49:00,Debit Card,Completed
PM690,Ord691,19952.81,2024-09-03 18:13:00,Debit Card,Completed
PM691,Ord692,26747.45,2024-09-07 10:02:00,Cash,Refunded
PM692,Ord693,24694.050000000003,2024-09-03 11:09:00,Wallet,Completed
PM693,Ord694,15301.970000000001,2024-09-06 14:46:00,Debit Card,Completed
PM694,Ord695,2631.74,2024-09-03 15:37:00,Wallet,Completed
PM695,Ord696,13756.25,2024-09-01 15:57:00,Credit Card,Completed
PM696,Ord697,24134.03,2024-09-05 09:20:00,Credit Card,Completed
PM697,Ord698,32986.29,2024-09-03 17:10:00,Credit Card,Completed
PM698,Ord699,13106.92,2024-09-08 09:13:00,Cash,Completed
PM699,Ord700,16186.77,2024-09-04 13:55:00,Wallet,Completed
PM700,Ord701,23943.6,2024-09-08 14:15:00,Wallet,Completed
PM701,Ord702,14574.630000000001,2024-09-02 18:52:00,Wallet,Completed
PM702,Ord703,18571.32,2024-09-07 12:42:00,Wallet,Completed
PM703,Ord704,12663.910000000002,2024-09-08 17:18:00,Cash,Completed
PM704,Ord705,4546.72,2024-09-08 11:35:00,Cash,Completed
PM705,Ord706,19956.420000000002,2024-09-11 12:48:00,Cash,Completed
PM706,Ord707,9207.52,2024-09-12 16:01:00,Wallet,Completed
PM707,Ord708,28893.16,2024-09-05 17:39:00,Wallet,Completed
PM708,Ord709,18285.19,2024-09-11 17:41:00,Cash,Completed
PM709,Ord710,32271.440000000002,2024-09-06 10:49:00,Credit Card,Completed
PM710,Ord711,2926.2299999999996,2024-09-07 13:13:00,Wallet,Completed
PM711,Ord712,1348.37,2024-09-13 18:12:00,Credit Card,Completed
PM712,Ord713,7510.96,2024-09-13 11:00:00,Cash,Completed
PM713,Ord714,36612.53,2024-09-12 18:30:00,Debit Card,Completed
PM714,Ord715,9560.92,2024-09-09 13:55:00,Credit Card,Completed
PM715,Ord716,38020.12,2024-09-14 16:05:00,Debit Card,Completed
PM716,Ord717,10810.16,2024-09-12 18:54:00,Credit Card,Completed
PM717,Ord718,24954.83,2024-09-11 12:22:00,Debit Card,Completed
PM718,Ord719,20575.260000000002,2024-09-14 16:51:00,Credit Card,Completed
PM719,Ord720,12507.19,2024-09-13 17:52:00,Wallet,Completed
PM720,Ord721,10164.28,2024-09-12 18:22:00,Cash,Completed
PM721,Ord722,39163.81,2024-09-13 09:00:00,Cash,Completed
PM722,Ord723,8020.26,2024-09-17 17:34:00,Credit Card,Completed
PM723,Ord724,3713.5,2024-09-16 10:18:00,Credit Card,Refunded
PM724,Ord725,9740.24,2024-09-14 17:18:00,Cash,Completed
PM725,Ord726,32688.780000000002,2024-09-16 10:26:00,Wallet,Completed
PM726,Ord727,21024.56,2024-09-14 16:51:00,Cash,Completed
PM727,Ord728,24656.260000000002,2024-09-22 17:34:00,Cash,Completed
PM728,Ord729,11916.720000000001,2024-09-17 09:30:00,Wallet,Completed
PM729,Ord730,17741.79,2024-09-21 14:34:00,Cash,Completed
PM730,Ord731,7938.63,2024-09-19 16:40:00,Credit Card,Completed
PM731,Ord732,5171.63,2024-09-16 16:41:00,Wallet,Completed
PM732,Ord733,18765.07,2024-09-23 17:00:00,Debit Card,Completed
PM733,Ord734,9774.05,2024-09-23 12:25:00,Debit Card,Completed
PM734,Ord735,24934.35,2024-09-17 12:34:00,Credit Card,Completed
PM735,Ord736,29206.02,2024-09-18 13:41:00,Cash,Completed
PM736,Ord737,8231.289999999999,2024-09-20 14:49:00,Wallet,Completed
PM737,Ord738,4940.29,2024-09-21 11:29:00,Debit Card,Completed
PM738,Ord739,52348.479999999996,2024-09-18 14:11:00,Credit Card,Completed
PM739,Ord740,27600.5,2024-09-20 16:57:00,Cash,Completed
PM740,Ord741,24369.219999999998,2024-09-21 13:12:00,Cash,Completed
PM741,Ord742,31245.21,2024-09-19 15:03:00,Cash,Completed
PM742,Ord743,629.88,2024-09-24 17:06:00,Debit Card,Completed
PM743,Ord744,30697.410000000003,2024-09-27 14:26:00,Cash,Completed
PM744,Ord745,14407.59,2024-09-21 09:58:00,Debit Card,Completed
PM745,Ord746,3816.6099999999997,2024-09-21 15:01:00,Wallet,Completed
PM746,Ord747,17624.510000000002,2024-09-28 12:52:00,Wallet,Completed
PM747,Ord748,35674.29,2024-09-28 15:59:00,Wallet,Completed
PM748,Ord749,9283.75,2024-09-22 16:42:00,Debit Card,Completed
PM749,Ord750,11825.48,2024-09-30 13:02:00,Cash,Completed
PM750,Ord751,804.84,2024-09-24 16:47:00,Wallet,Refunded
PM751,Ord752,12911.630000000001,2024-09-25 18:16:00,Debit Card,Completed
PM752,Ord753,17709.44,2024-09-28 18:41:00,Debit Card,Completed
PM753,Ord754,9027.18,2024-09-27 09:56:00,Wallet,Completed
PM754,Ord755,8361.15,2024-09-27 16:51:00,Wallet,Completed
PM755,Ord756,13647.82,2024-09-30 11:43:00,Wallet,Completed
PM756,Ord757,22569.4,2024-09-26 12:25:00,Wallet,Completed
PM757,Ord758,8149.68,2024-09-29 16:41:00,Wallet,Completed
PM758,Ord759,7105.22,2024-10-01 11:02:00,Credit Card,Completed
PM759,Ord760,17693.8,2024-10-03 16:23:00,Cash,Completed
PM760,Ord761,18180.25,2024-10-05 17:09:00,Cash,Completed
PM761,Ord762,2579.77,2024-10-05 12:30:00,Debit Card,Completed
PM762,Ord763,13050.75,2024-10-06 15:05:00,Cash,Completed
PM763,Ord764,903.56,2024-10-05 15:35:00,Debit Card,Completed
PM764,Ord765,6944.15,2024-10-06 15:37:00,Wallet,Completed
PM765,Ord766,7554.64,2024-10-05 11:58:00,Credit Card,Completed
PM766,Ord767,34210.78,2024-09-30 12:06:00,Debit Card,Completed
PM767,Ord768,10917.2,2024-09-30 17:16:00,Debit Card,Refunded
PM768,Ord769,35073.549999999996,2024-10-08 12:08:00,Cash,Completed
PM769,Ord770,7193.87,2024-10-03 12:32:00,Credit Card,Completed
PM770,Ord771,11089.55,2024-10-04 12:30:00,Credit Card,Completed
PM771,Ord772,19268.72,2024-10-09 18:43:00,Credit Card,Completed
PM772,Ord773,4711.35,2024-10-07 11:02:00,Credit Card,Completed
PM773,Ord774,8016.72,2024-10-06 14:34:00,Credit Card,Completed
PM774,Ord775,9910.54,2024-10-06 09:41:00,Debit Card,Completed
PM775,Ord776,13964.81,2024-10-06 17:37:00,Cash,Completed
PM776,Ord777,36974.22,2024-10-08 13:37:00,Wallet,Completed
PM777,Ord778,15988.27,2024-10-13 17:26:00,Wallet,Completed
PM778,Ord779,23367.6,2024-10-11 09:52:00,Debit Card,Completed
PM779,Ord780,18924.260000000002,2024-10-11 15:17:00,Cash,Completed
PM780,Ord781,17773.800000000003,2024-10-09 11:09:00,Cash,Completed
PM781,Ord782,9679.11,2024-10-12 13:39:00,Debit Card,Completed
PM782,Ord783,15427.7,2024-10-14 16:20:00,Wallet,Completed
PM783,Ord784,4315.55,2024-10-15 17:10:00,Wallet,Completed
PM784,Ord785,30345.58,2024-10-11 09:03:00,Credit Card,Completed
PM785,Ord786,34914.39,2024-10-13 13:42:00,Cash,Completed
PM786,Ord787,26945.0,2024-10-13 17:22:00,Debit Card,Completed
PM787,Ord788,29896.96,2024-10-14 12:31:00,Wallet,Completed
PM788,Ord789,8670.38,2024-10-20 11:19:00,Debit Card,Completed
PM789,Ord790,2331.6000000000004,2024-10-16 12:57:00,Debit Card,Completed
PM790,Ord791,21317.760000000002,2024-10-20 17:44:00,Credit Card,Completed
PM791,Ord792,13280.75,2024-10-19 10:46:00,Cash,Completed
PM792,Ord793,29808.02,2024-10-19 11:07:00,Credit Card,Completed
PM793,Ord794,944.8199999999999,2024-10-16 12:51:00,Cash,Refunded
PM794,Ord795,10560.51,2024-10-17 17:10:00,Debit Card,Completed
PM795,Ord796,8629.39,2024-10-20 17:55:00,Debit Card,Completed
PM796,Ord797,2325.65,2024-10-15 10:31:00,Debit Card,Completed
PM797,Ord798,5997.75,2024-10-19 15:20:00,Credit Card,Completed
PM798,Ord799,8549.12,2024-10-18 12:56:00,Credit Card,Completed
PM799,Ord800,13004.36,2024-10-23 13:17:00,Cash,Completed
PM800,Ord801,13258.199999999999,2024-10-23 18:54:00,Cash,Completed
PM801,Ord802,6672.36,2024-10-23 10:17:00,Wallet,Completed
PM802,Ord803,28814.73,2024-10-21 11:35:00,Debit Card,Completed
PM803,Ord804,25863.68,2024-10-21 12:18:00,Credit Card,Completed
PM804,Ord805,42174.25,2024-10-26 09:05:00,Debit Card,Completed
PM805,Ord806,16755.14,2024-10-22 15:47:00,Wallet,Refunded
PM806,Ord807,24214.510000000002,2024-10-25 09:10:00,Credit Card,Completed
PM807,Ord808,48061.100000000006,2024-10-24 16:04:00,Debit Card,Completed
PM808,Ord809,9324.41,2024-10-28 10:29:00,Wallet,Completed
PM809,Ord810,16413.86,2024-10-26 12:07:00,Credit Card,Completed
PM810,Ord811,31018.09,2024-10-27 10:56:00,Credit Card,Completed
PM811,Ord812,9701.369999999999,2024-10-28 11:04:00,Debit Card,Completed
PM812,Ord813,26663.370000000003,2024-10-26 11:19:00,Wallet,Completed
PM813,Ord814,4426.9800000000005,2024-10-28 11:41:00,Wallet,Completed
PM814,Ord815,4199.34,2024-10-27 13:07:00,Debit Card,Completed
PM815,Ord816,31440.010000000002,2024-10-24 18:06:00,Debit Card,Completed
PM816,Ord817,7170.2,2024-10-24 09:01:00,Debit Card,Completed
PM817,Ord818,21293.48,2024-10-23 11:57:00,Wallet,Completed
PM818,Ord819,5923.43,2024-10-27 18:16:00,Credit Card,Completed
PM819,Ord820,29276.86,2024-10-29 11:41:00,Cash,Completed
PM820,Ord821,17599.4,2024-10-28 11:51:00,Cash,Completed
PM821,Ord822,19931.379999999997,2024-10-27 13:34:00,Credit Card,Completed
PM822,Ord823,18837.14,2024-10-27 15:00:00,Cash,Completed
PM823,Ord824,39543.35,2024-10-31 17:48:00,Cash,Completed
PM824,Ord825,24905.440000000002,2024-10-31 12:09:00,Cash,Completed
PM825,Ord826,3344.83,2024-10-28 13:02:00,Cash,Completed
PM826,Ord827,19037.39,2024-10-29 13:52:00,Credit Card,Completed
PM827,Ord828,19156.85,2024-10-26 11:49:00,Credit Card,Completed
PM828,Ord829,26520.12,2024-10-31 14:48:00,Credit Card,Completed
PM829,Ord830,5892.1,2024-11-02 15:32:00,Wallet,Completed
PM830,Ord831,4247.58,2024-10-30 17:30:00,Wallet,Completed
PM831,Ord832,9560.92,2024-11-02 12:03:00,Credit Card,Completed
PM832,Ord833,2878.06,2024-11-03 14:53:00,Wallet,Completed
PM833,Ord834,26886.57,2024-10-31 15:58:00,Credit Card,Completed
PM834,Ord835,1014.8700000000001,2024-11-03 18:04:00,Wallet,Completed
PM835,Ord836,30454.3,2024-11-02 14:26:00,Credit Card,Completed
PM836,Ord837,18493.38,2024-11-01 16:05:00,Cash,Refunded
PM837,Ord838,10313.68,2024-11-02 12:27:00,Wallet,Refunded
PM838,Ord839,1886.46,2024-11-03 12:07:00,Debit Card,Completed
PM839,Ord840,6054.639999999999,2024-10-31 12:35:00,Cash,Completed
PM840,Ord841,1050.02,2024-11-04 12:43:00,Cash,Completed
PM841,Ord842,42022.130000000005,2024-11-01 14:00:00,Credit Card,Completed
PM842,Ord843,2137.1,2024-10-30 14:49:00,Cash,Completed
PM843,Ord844,30452.5,2024-11-05 18:01:00,Wallet,Completed
PM844,Ord845,43102.76,2024-11-05 09:24:00,Credit Card,Completed
PM845,Ord846,31407.4,2024-11-06 09:39:00,Credit Card,Completed
PM846,Ord847,44802.2,2024-11-03 18:43:00,Debit Card,Completed
PM847,Ord848,18684.46,2024-11-02 11:02:00,Cash,Completed
PM848,Ord849,12578.34,2024-11-07 18:00:00,Cash,Completed
PM849,Ord850,23344.440000000002,2024-11-09 18:45:00,Credit Card,Completed
PM850,Ord851,7813.639999999999,2024-11-06 11:05:00,Debit Card,Completed
PM851,Ord852,944.8199999999999,2024-11-08 16:04:00,Cash,Completed
PM852,Ord853,12826.949999999999,2024-11-05 17:55:00,Debit Card,Completed
PM853,Ord854,8408.34,2024-11-08 09:31:00,Debit Card,Completed
PM854,Ord855,30165.72,2024-11-07 17:30:00,Debit Card,Completed
PM855,Ord856,25606.9,2024-11-04 17:33:00,Cash,Completed
PM856,Ord857,24191.11,2024-11-12 09:48:00,Credit Card,Completed
PM857,Ord858,7154.049999999999,2024-11-05 09:56:00,Cash,Completed
PM858,Ord859,2624.8,2024-11-07 15:04:00,Wallet,Completed
PM859,Ord860,19926.2,2024-11-06 17:32:00,Cash,Completed
PM860,Ord861,13828.68,2024-11-07 17:48:00,Wallet,Completed
PM861,Ord862,8066.4,2024-11-12 14:41:00,Cash,Completed
PM862,Ord863,20789.88,2024-11-07 15:48:00,Credit Card,Completed
PM863,Ord864,14574.76,2024-11-08 18:03:00,Wallet,Completed
PM864,Ord865,20744.53,2024-11-12 12:13:00,Debit Card,Completed
PM865,Ord866,19561.39,2024-11-10 13:14:00,Wallet,Completed
PM866,Ord867,15816.01,2024-11-07 18:43:00,Wallet,Completed
PM867,Ord868,9348.960000000001,2024-11-08 09:18:00,Wallet,Completed
PM868,Ord869,19709.23,2024-11-08 09:20:00,Wallet,Completed
PM869,Ord870,8238.289999999999,2024-11-09 09:57:00,Cash,Completed
PM870,Ord871,30903.920000000002,2024-11-12 10:01:00,Credit Card,Completed
PM871,Ord872,25923.050000000003,2024-11-09 14:55:00,Credit Card,Completed
PM872,Ord873,11729.08,2024-11-12 14:26:00,Cash,Completed
PM873,Ord874,21224.16,2024-11-12 15:15:00,Wallet,Completed
PM874,Ord875,15667.119999999999,2024-11-11 12:02:00,Debit Card,Completed
PM875,Ord876,1713.6000000000001,2024-11-15 12:47:00,Cash,Completed
PM876,Ord877,15021.92,2024-11-17 09:10:00,Debit Card,Completed
PM877,Ord878,9439.67,2024-11-16 12:58:00,Debit Card,Completed
PM878,Ord879,17022.9,2024-11-12 15:51:00,Wallet,Completed
PM879,Ord880,1280.65,2024-11-14 10:32:00,Credit Card,Completed
PM880,Ord881,21386.350000000002,2024-11-18 13:34:00,Credit Card,Completed
PM881,Ord882,24300.940000000002,2024-11-18 11:20:00,Cash,Completed
PM882,Ord883,11825.48,2024-11-19 14:13:00,Debit Card,Completed
PM883,Ord884,15320.4,2024-11-14 15:03:00,Cash,Completed
PM884,Ord885,15342.66,2024-11-17 18:41:00,Wallet,Completed
PM885,Ord886,27659.500000000004,2024-11-18 15:37:00,Credit Card,Completed
PM886,Ord887,9185.82,2024-11-16 11:45:00,Wallet,Refunded
PM887,Ord888,8618.529999999999,2024-11-22 15:50:00,Cash,Completed
PM888,Ord889,31152.27,2024-11-16 11:27:00,Credit Card,Completed
PM889,Ord890,9124.7,2024-11-18 13:30:00,Cash,Completed
PM890,Ord891,6602.58,2024-11-22 14:25:00,Cash,Refunded
PM891,Ord892,8120.64,2024-11-20 10:22:00,Credit Card,Completed
PM892,Ord893,26328.61,2024-11-17 11:05:00,Wallet,Refunded
PM893,Ord894,40873.55,2024-11-17 15:50:00,Wallet,Completed
PM894,Ord895,8874.36,2024-11-21 17:29:00,Debit Card,Completed
PM895,Ord896,45071.35,2024-11-22 18:38:00,Debit Card,Completed
PM896,Ord897,4653.15,2024-11-25 10:20:00,Wallet,Completed
PM897,Ord898,35470.11,2024-11-24 10:26:00,Debit Card,Completed
PM898,Ord899,18222.87,2024-11-19 17:51:00,Credit Card,Completed
PM899,Ord900,14574.630000000001,2024-11-21 12:52:00,Debit Card,Completed
PM900,Ord901,18123.18,2024-11-22 17:23:00,Debit Card,Completed
PM901,Ord902,20295.48,2024-11-25 18:02:00,Credit Card,Completed
PM902,Ord903,21215.41,2024-11-22 16:25:00,Credit Card,Completed
PM903,Ord904,9718.52,2024-11-22 17:37:00,Debit Card,Completed
PM904,Ord905,4858.21,2024-11-22 12:04:00,Credit Card,Completed
PM905,Ord906,21287.78,2024-11-25 12:13:00,Credit Card,Completed
PM906,Ord907,29218.48,2024-11-26 16:19:00,Wallet,Completed
PM907,Ord908,34515.72,2024-11-28 09:09:00,Debit Card,Completed
PM908,Ord909,7980.28,2024-11-23 18:56:00,Wallet,Completed
PM909,Ord910,25679.68,2024-11-24 14:19:00,Credit Card,Completed
PM910,Ord911,20334.920000000002,2024-11-24 14:54:00,Credit Card,Completed
PM911,Ord912,8150.59,2024-11-25 16:56:00,Cash,Completed
PM912,Ord913,11954.400000000001,2024-11-26 14:21:00,Wallet,Completed
PM913,Ord914,20099.8,2024-11-27 16:15:00,Credit Card,Completed
PM914,Ord915,10821.18,2024-11-27 16:47:00,Wallet,Completed
PM915,Ord916,25157.15,2024-11-29 18:04:00,Debit Card,Completed
PM916,Ord917,16169.16,2024-11-30 12:25:00,Cash,Completed
PM917,Ord918,23216.23,2024-11-28 16:37:00,Credit Card,Completed
PM918,Ord919,9525.130000000001,2024-11-26 10:54:00,Wallet,Completed
PM919,Ord920,1602.6000000000001,2024-11-26 15:42:00,Credit Card,Refunded
PM920,Ord921,13646.5,2024-11-27 17:12:00,Wallet,Completed
PM921,Ord922,18564.68,2024-11-26 17:22:00,Cash,Completed
PM922,Ord923,12723.699999999999,2024-11-28 17:40:00,Credit Card,Completed
PM923,Ord924,23357.0,2024-12-02 12:03:00,Debit Card,Completed
PM924,Ord925,24054.39,2024-12-01 14:04:00,Debit Card,Completed
PM925,Ord926,2898.87,2024-11-28 17:26:00,Credit Card,Completed
PM926,Ord927,15908.530000000002,2024-12-05 14:14:00,Cash,Completed
PM927,Ord928,16143.880000000001,2024-11-29 09:53:00,Credit Card,Completed
PM928,Ord929,37772.47,2024-12-01 11:42:00,Wallet,Completed
PM929,Ord930,20113.86,2024-12-06 11:00:00,Cash,Completed
PM930,Ord931,23078.28,2024-12-03 12:25:00,Cash,Completed
PM931,Ord932,24291.05,2024-12-02 15:14:00,Credit Card,Completed
PM932,Ord933,13347.239999999998,2024-12-01 10:48:00,Cash,Completed
PM933,Ord934,13199.550000000001,2024-12-06 10:32:00,Wallet,Completed
PM934,Ord935,35301.130000000005,2024-12-08 11:11:00,Credit Card,Completed
PM935,Ord936,8328.65,2024-12-03 18:52:00,Debit Card,Completed
PM936,Ord937,14517.84,2024-12-08 17:16:00,Debit Card,Completed
PM937,Ord938,30095.64,2024-12-07 12:16:00,Wallet,Completed
PM938,Ord939,14997.28,2024-12-11 14:00:00,Cash,Completed
PM939,Ord940,15712.13,2024-12-10 15:32:00,Cash,Completed
PM940,Ord941,3901.72,2024-12-09 13:02:00,Debit Card,Refunded
PM941,Ord942,20154.6,2024-12-10 13:28:00,Debit Card,Completed
PM942,Ord943,24877.840000000004,2024-12-07 10:57:00,Debit Card,Completed
PM943,Ord944,15274.01,2024-12-11 17:13:00,Credit Card,Completed
PM944,Ord945,16731.629999999997,2024-12-14 10:55:00,Wallet,Completed
PM945,Ord946,21318.969999999998,2024-12-11 11:26:00,Credit Card,Completed
PM946,Ord947,27550.31,2024-12-15 13:30:00,Debit Card,Refunded
PM947,Ord948,8361.15,2024-12-13 18:12:00,Debit Card,Completed
PM948,Ord949,27920.93,2024-12-13 14:53:00,Wallet,Completed
PM949,Ord950,27759.88,2024-12-15 15:45:00,Cash,Refunded
PM950,Ord951,4084.14,2024-12-16 17:00:00,Debit Card,Completed
PM951,Ord952,3331.46,2024-12-14 17:57:00,Wallet,Completed
PM952,Ord953,17058.35,2024-12-13 18:25:00,Cash,Completed
PM953,Ord954,25195.88,NULL,NULL,Pending
PM954,Ord955,30688.84,2024-12-12 11:37:00,Debit Card,Completed
PM955,Ord956,21198.699999999997,2024-12-18 13:29:00,Debit Card,Refunded
PM956,Ord957,21548.57,2024-12-15 13:33:00,Wallet,Completed
PM957,Ord958,22342.82,NULL,NULL,Pending
PM958,Ord959,23230.94,NULL,NULL,Pending
PM959,Ord960,15065.74,2024-12-19 11:35:00,Debit Card,Completed
PM960,Ord961,26146.92,2024-12-18 12:37:00,Debit Card,Completed
PM961,Ord962,43766.8,2024-12-18 14:48:00,Debit Card,Refunded
PM962,Ord963,4221.91,NULL,NULL,Pending
PM963,Ord964,12772.36,NULL,NULL,Pending
PM964,Ord965,16481.36,2024-12-20 17:45:00,Debit Card,Completed
PM965,Ord966,2273.36,2024-12-17 18:43:00,Credit Card,Completed
PM966,Ord967,25843.72,NULL,NULL,Pending
PM967,Ord968,14915.419999999998,2024-12-17 09:43:00,Debit Card,Completed
PM968,Ord969,13247.82,2024-12-22 10:46:00,Credit Card,Completed
PM969,Ord970,13588.84,2024-12-17 11:13:00,Cash,Refunded
PM970,Ord971,21577.54,NULL,NULL,Pending
PM971,Ord972,2334.18,2024-12-23 09:02:00,Wallet,Completed
PM972,Ord973,4743.6,NULL,NULL,Pending
PM973,Ord974,14574.630000000001,NULL,NULL,Pending
PM974,Ord975,1708.1999999999998,2024-12-21 09:54:00,Credit Card,Refunded
PM975,Ord976,13498.68,2024-12-23 13:31:00,Cash,Completed
PM976,Ord977,8915.23,NULL,NULL,Pending
PM977,Ord978,18900.03,NULL,NULL,Pending
PM978,Ord979,12471.44,NULL,NULL,Pending
PM979,Ord980,31142.05,2024-12-21 17:03:00,Credit Card,Completed
PM980,Ord981,8802.32,2024-12-23 14:39:00,Cash,Completed
PM981,Ord982,6978.08,2024-12-24 12:16:00,Cash,Completed
PM982,Ord983,17630.93,2024-12-26 18:29:00,Credit Card,Completed
PM983,Ord984,9961.18,2024-12-25 11:10:00,Wallet,Completed
PM984,Ord985,21699.92,NULL,NULL,Pending
PM985,Ord986,27666.239999999998,2024-12-31 16:55:00,Wallet,Completed
PM986,Ord987,28351.03,2025-01-01 12:20:00,Cash,Completed
PM987,Ord988,29162.660000000003,NULL,NULL,Pending
PM988,Ord989,10368.060000000001,2025-01-05 09:04:00,Wallet,Completed
PM989,Ord990,20404.67,2024-12-31 09:35:00,Debit Card,Refunded
PM990,Ord991,9801.79,2024-12-30 11:04:00,Cash,Refunded
PM991,Ord992,11951.15,NULL,NULL,Pending
PM992,Ord993,22131.199999999997,NULL,NULL,Pending
PM993,Ord994,18488.65,2025-01-04 09:59:00,Credit Card,Completed
PM994,Ord995,2559.5,2024-12-31 14:35:00,Credit Card,Completed
PM995,Ord996,24903.899999999998,NULL,NULL,Pending
PM996,Ord997,2709.8,2025-01-04 09:00:00,Wallet,Refunded
PM997,Ord998,15850.7,2025-01-01 11:24:00,Cash,Completed
PM998,Ord999,6231.969999999999,NULL,NULL,Pending
PM999,Ord1000,20914.85,2025-01-01 18:35:00,Cash,Completed
